{
  "fs": 250.0,
  "n": 1890106,
  "labels": [
    {
      "id": 1,
      "start": 573.5970999028738,
      "end": 701.4425013509175,
      "class": "OK"
    },
    {
      "id": 2,
      "start": 425.05643803173894,
      "end": 560.8043001545724,
      "class": "OK"
    },
    {
      "id": 3,
      "start": 710.0979924260268,
      "end": 848.6290894232343,
      "class": "OK"
    },
    {
      "id": 5,
      "start": 3396.758585869986,
      "end": 3612.9418546172756,
      "class": "OK"
    }
  ]
}