{
  "fs": 250.0,
  "n": 1950144,
  "labels": [
    {
      "id": 1,
      "start": 360.5938996878479,
      "end": 471.72704642919433,
      "class": "IES (large)"
    }
  ]
}