{
  "fs": 250.0,
  "n": 2037267,
  "labels": [
    {
      "id": 1,
      "start": 5378.714063527088,
      "end": 5729.472636271952,
      "class": "IES (large)"
    },
    {
      "id": 2,
      "start": 5732.997551141761,
      "end": 6301.271816989857,
      "class": "IES (large)"
    }
  ]
}