{
  "fs": 250.0,
  "n": 1912915,
  "labels": [
    {
      "id": 1,
      "start": 57.847679973215065,
      "end": 126.44481901131294,
      "class": "IES (large)"
    },
    {
      "id": 2,
      "start": 449.39115169157566,
      "end": 493.9724783692775,
      "class": "IES (large)"
    }
  ]
}