{
  "fs": 250.0,
  "n": 1876359,
  "labels": [
    {
      "id": 1,
      "start": 667.0137649647429,
      "end": 806.5130009454103,
      "class": "OK"
    },
    {
      "id": 2,
      "start": 2425.6297256688886,
      "end": 2540.0058764966393,
      "class": "OK"
    }
  ]
}