{
  "fs": 128,
  "n": 299088,
  "labels": [
    {
      "id": 3,
      "start": 624.986824730821,
      "end": 637.0904214612839,
      "class": "IES (large)"
    },
    {
      "id": 4,
      "start": 739.9709936702176,
      "end": 770.2299854963746,
      "class": "IES (other)"
    },
    {
      "id": 5,
      "start": 1005.2993617535819,
      "end": 1016.1831115619004,
      "class": "ground check"
    }
  ]
}